{
  "priors": {
    "10_far_coast": [
      50.0,
      0.01,
      0.01,
      0.01,
      0.01,
      0.01
    ],
    "10_mid_coast": [
      50.0,
      0.01,
      0.01,
      0.01,
      0.01,
      0.01
    ],
    "10_near_coast": [
      50.0,
      0.01,
      0.01,
      0.01,
      0.01,
      0.01
    ],
    "4_mid_coast": [
      1.9794503891050623,
      2.600316147859923,
      2.4066147859922205,
      0.38594357976653937,
      42.62767509727623,
      0.01
    ],
    "11_mid_coast": [
      43.71555257764416,
      2.5750827684060997,
      2.407023490461894,
      0.3877896894214165,
      0.9145514740659126,
      0.01
    ],
    "11_near_coast": [
      37.6015919366992,
      4.4778165033910735,
      5.181047475508638,
      0.7437829691032491,
      1.995761115297651,
      0.01
    ],
    "11_far_coast": [
      48.040100250626374,
      0.9797708557107074,
      0.6312209094163989,
      0.12880415324024225,
      0.220103831006087,
      0.01
    ],
    "4_far_coast": [
      0.47417465388711266,
      0.9350372736954212,
      0.6384451544195957,
      0.11421725239616573,
      47.838125665601844,
      0.01
    ],
    "4_near_coast": [
      4.28518937252685,
      4.6979932165064815,
      5.367439231204055,
      0.7666760881854183,
      34.882702091577166,
      0.01
    ],
    "11_mid_inland": [
      42.95849045601287,
      5.43500952455028,
      0.01,
      0.4828266531897058,
      1.123673366247991,
      0.01
    ],
    "11_near_inland": [
      36.817834289038224,
      9.991897282473882,
      0.01,
      0.834517576663784,
      2.355750851824393,
      0.01
    ],
    "4_near_inland": [
      5.086498749345666,
      10.310511314060008,
      0.01,
      0.8650892909079326,
      33.73790064568661,
      0.01
    ],
    "4_mid_inland": [
      2.3933778857836896,
      5.626587871423756,
      0.01,
      0.49489119628853534,
      41.48514304650359,
      0.01
    ],
    "11_far_inland": [
      47.89520019295669,
      1.7219609261939117,
      0.01,
      0.14158224794983137,
      0.24125663289918164,
      0.01
    ],
    "10_mid_inland": [
      21.7,
      0.01,
      0.01,
      0.01,
      0.01,
      0.01
    ],
    "1_near_inland": [
      21.866393837265313,
      16.457571015888178,
      0.01,
      1.2885772749157578,
      10.387457871930659,
      0.01
    ],
    "10_far_inland": [
      5.0,
      0.01,
      0.01,
      0.01,
      0.01,
      0.01
    ],
    "4_far_inland": [
      0.541174540682415,
      1.8330052493438374,
      0.01,
      0.15977690288713806,
      47.4660433070866,
      0.01
    ],
    "2_near_coast": [
      7.411499999999998,
      1.5635000000000008,
      2.9870000000000005,
      0.34849999999999953,
      3.5894999999999997,
      0.01
    ],
    "5_near_inland": [
      0.01,
      0.01,
      0.01,
      0.01,
      0.01,
      50.0
    ],
    "5_mid_inland": [
      0.01,
      0.01,
      0.01,
      0.01,
      0.01,
      50.0
    ],
    "5_far_inland": [
      0.01,
      0.01,
      0.01,
      0.01,
      0.01,
      15.4
    ],
    "5_near_coast": [
      0.01,
      0.01,
      0.01,
      0.01,
      0.01,
      5.0
    ],
    "10_near_inland": [
      28.8,
      0.01,
      0.01,
      0.01,
      0.01,
      0.01
    ],
    "5_mid_coast": [
      0.01,
      0.01,
      0.01,
      0.01,
      0.01,
      5.0
    ],
    "1_near_coast": [
      4.1705000000000005,
      1.0070000000000003,
      1.8135000000000008,
      0.20049999999999982,
      2.008499999999999,
      0.01
    ],
    "5_far_coast": [
      0.01,
      0.01,
      0.01,
      0.01,
      0.01,
      5.0
    ]
  },
  "z_model": {
    "10_far_coast": {
      "intercept": [
        1.0,
        0.0,
        0.0,
        0.0,
        0.0,
        0.0
      ],
      "slope": [
        0.0,
        0.0,
        0.0,
        0.0,
        0.0,
        0.0
      ],
      "concentration": 30.0
    },
    "10_mid_coast": {
      "intercept": [
        1.0,
        0.0,
        0.0,
        0.0,
        0.0,
        0.0
      ],
      "slope": [
        0.0,
        0.0,
        0.0,
        0.0,
        0.0,
        0.0
      ],
      "concentration": 30.0
    },
    "10_near_coast": {
      "intercept": [
        1.0,
        0.0,
        0.0,
        0.0,
        0.0,
        0.0
      ],
      "slope": [
        0.0,
        0.0,
        0.0,
        0.0,
        0.0,
        0.0
      ],
      "concentration": 30.0
    },
    "4_mid_coast": {
      "intercept": [
        0.021762296352824954,
        -0.002708533176488989,
        -0.0002855660385626124,
        0.002756581580777022,
        0.9784752212814656,
        0.0
      ],
      "slope": [
        0.062395385045965805,
        0.17375420094254387,
        0.16604236003764505,
        0.016379485331726475,
        -0.41857143135793373,
        0.0
      ],
      "concentration": 30.0
    },
    "11_mid_coast": {
      "intercept": [
        0.989324033606068,
        -0.0020766536674580935,
        4.5071823507138176e-05,
        0.002239313033919126,
        0.010468235204062456,
        0.0
      ],
      "slope": [
        -0.3733672837320618,
        0.16821254100817878,
        0.15994967694848197,
        0.01718731684895873,
        0.02801774892612565,
        0.0
      ],
      "concentration": 30.0
    },
    "11_near_coast": {
      "intercept": [
        0.9833388326627404,
        -0.0074507886235342935,
        -0.007046273599821573,
        0.003167914786996096,
        0.027990314773829933,
        0.0
      ],
      "slope": [
        -0.6813768959732113,
        0.2847912739013901,
        0.3337151807181641,
        0.031160419859874614,
        0.031710021493087985,
        0.0
      ],
      "concentration": 30.0
    },
    "11_far_coast": {
      "intercept": [
        0.9966560290521735,
        5.688316797650139e-05,
        0.0005887475033877348,
        0.0009033525663526723,
        0.0017949877100928552,
        0.0
      ],
      "slope": [
        -0.12674789078150797,
        0.06837142237651937,
        0.04415637390278923,
        0.005290703275801122,
        0.008929391226456508,
        0.0
      ],
      "concentration": 30.0
    },
    "4_far_coast": {
      "intercept": [
        0.00489375692658484,
        0.0010874267187831396,
        0.0013951034837121155,
        0.0009706828963085179,
        0.9916530299746127,
        0.0
      ],
      "slope": [
        0.015169280601802398,
        0.05694830014628446,
        0.038628649327093145,
        0.0055265827373758205,
        -0.11627281281256029,
        0.0
      ],
      "concentration": 30.0
    },
    "4_near_coast": {
      "intercept": [
        0.06148404282541138,
        -0.006839545793621171,
        -0.007024675329959526,
        0.004172405279053026,
        0.9482077730191367,
        0.0
      ],
      "slope": [
        0.06383302171567179,
        0.2948858671558533,
        0.3535821881681306,
        0.03140747266411724,
        -0.7437085497038423,
        0.0
      ],
      "concentration": 30.0
    },
    "11_mid_inland": {
      "intercept": [
        0.9828617387425436,
        0.002951945027846792,
        0.0,
        0.002527724986393755,
        0.011658591243253476,
        0.0
      ],
      "slope": [
        -0.38934202346755026,
        0.32523608555358896,
        0.0,
        0.02305818771862068,
        0.04104775019521771,
        0.0
      ],
      "concentration": 30.0
    },
    "11_near_inland": {
      "intercept": [
        0.9651839496455932,
        -0.003161858794489464,
        0.0,
        0.0040347095278901735,
        0.033943199620210196,
        0.0
      ],
      "slope": [
        -0.65826386395987,
        0.5807652753134405,
        0.0,
        0.03613926321726175,
        0.04135932543179257,
        0.0
      ],
      "concentration": 30.0
    },