{
  "priors": {
    "10_far_coast": [
      50.0,
      0.01,
      0.01,
      0.01,
      0.01,
      0.01
    ],
    "10_mid_coast": [
      50.0,
      0.01,
      0.01,
      0.01,
      0.01,
      0.01
    ],
    "10_near_coast": [
      50.0,
      0.01,
      0.01,
      0.01,
      0.01,
      0.01
    ],
    "4_mid_coast": [
      2.0298576732673284,
      2.4121287128712883,
      2.2359220297029743,
      0.38954207920792083,
      42.93254950495048,
      0.01
    ],
    "11_mid_coast": [
      43.95050186971049,
      2.4281145443809944,
      2.284294430230242,
      0.39219641802795124,
      0.9448927376500805,
      0.01
    ],
    "11_near_coast": [
      38.16461946050093,
      4.270773121387243,
      4.909561657032721,
      0.7175457610790077,
      1.9375000000000004,
      0.01
    ],
    "11_far_coast": [
      47.95853767275952,
      1.0118145341061082,
      0.6619482835488186,
      0.1364244315648674,
      0.23127507802050787,
      0.01
    ],
    "4_far_coast": [
      0.5051612903225791,
      0.9422580645161293,
      0.6532258064516127,
      0.11903225806451583,
      47.780322580645255,
      0.01
    ],
    "4_near_coast": [
      4.2367849384504,
      4.562816799420707,
      5.233888486603895,
      0.7594134685010894,
      35.207096307023924,
      0.01
    ],
    "11_mid_inland": [
      43.18882562799375,
      5.0919264978987435,
      0.01,
      0.509505424689634,
      1.2097424494183762,
      0.01
    ],
    "11_near_inland": [
      37.34682823467111,
      9.404330552245103,
      0.01,
      0.8400211892461638,
      2.4088200238380257,
      0.01
    ],
    "4_near_inland": [
      5.212307178878683,
      9.768410708988611,
      0.01,
      0.873461139127802,
      34.14582097300497,
      0.01
    ],
    "4_mid_inland": [
      2.60947963169642,
      5.296282087053498,
      0.01,
      0.5258091517857216,
      41.56842912946409,
      0.01
    ],
    "11_far_inland": [
      47.754124175164584,
      1.8182363527294552,
      0.01,
      0.1579184163167369,
      0.26972105578884364,
      0.01
    ],
    "10_mid_inland": [
      18.4,
      0.01,
      0.01,
      0.01,
      0.01,
      0.01
    ],
    "1_near_inland": [
      21.9891707920792,
      16.176206683168285,
      0.01,
      1.3160581683168442,
      10.518564356435665,
      0.01
    ],
    "10_far_inland": [
      5.0,
      0.01,
      0.01,
      0.01,
      0.01,
      0.01
    ],
    "4_far_inland": [
      0.6267872161480237,
      2.0029436501261615,
      0.01,
      0.1843986543313698,
      47.18587047939455,
      0.01
    ],
    "2_near_coast": [
      6.217,
      1.1725000000000003,
      2.24,
      0.27549999999999963,
      2.9949999999999997,
      0.01
    ],
    "5_near_inland": [
      0.01,
      0.01,
      0.01,
      0.01,
      0.01,
      50.0
    ],
    "5_mid_inland": [
      0.01,
      0.01,
      0.01,
      0.01,
      0.01,
      50.0
    ],
    "5_far_inland": [
      0.01,
      0.01,
      0.01,
      0.01,
      0.01,
      13.0
    ],
    "5_near_coast": [
      0.01,
      0.01,
      0.01,
      0.01,
      0.01,
      5.0
    ],
    "10_near_inland": [
      22.6,
      0.01,
      0.01,
      0.01,
      0.01,
      0.01
    ],
    "5_mid_coast": [
      0.01,
      0.01,
      0.01,
      0.01,
      0.01,
      5.0
    ],
    "1_near_coast": [
      3.622500000000002,
      0.7590000000000001,
      1.4169999999999998,
      0.15799999999999995,
      1.7435,
      0.01
    ],
    "5_far_coast": [
      0.01,
      0.01,
      0.01,
      0.01,
      0.01,
      5.0
    ]
  },
  "z_model": {
    "10_far_coast": {
      "intercept": [
        1.0,
        0.0,
        0.0,
        0.0,
        0.0,
        0.0
      ],
      "slope": [
        0.0,
        0.0,
        0.0,
        0.0,
        0.0,
        0.0
      ],
      "concentration": 30.0
    },
    "10_mid_coast": {
      "intercept": [
        1.0,
        0.0,
        0.0,
        0.0,
        0.0,
        0.0
      ],
      "slope": [
        0.0,
        0.0,
        0.0,
        0.0,
        0.0,
        0.0
      ],
      "concentration": 30.0
    },
    "10_near_coast": {
      "intercept": [
        1.0,
        0.0,
        0.0,
        0.0,
        0.0,
        0.0
      ],
      "slope": [
        0.0,
        0.0,
        0.0,
        0.0,
        0.0,
        0.0
      ],
      "concentration": 30.0
    },
    "4_mid_coast": {
      "intercept": [
        0.029582926974541165,
        0.001406208946687644,
        0.0037700091849562425,
        0.002797366978919887,
        0.9624434879149011,
        0.0
      ],
      "slope": [
        0.0330000435131629,
        0.15157325364062507,
        0.13612382085774674,
        0.015219490990278249,
        -0.3359166090018307,
        0.0
      ],
      "concentration": 30.0
    },
    "11_mid_coast": {
      "intercept": [
        0.9789727384408644,
        0.0022882730037483284,
        0.0034960694727533617,
        0.002483157325956233,
        0.012759761756660874,
        0.0
      ],
      "slope": [
        -0.3133658459564089,
        0.14496872615816556,
        0.13527370684084794,
        0.01611612629434562,
        0.017007286663106688,
        0.0
      ],
      "concentration": 30.0
    },
    "11_near_coast": {
      "intercept": [
        0.9769304599775467,
        -0.006567389586794453,
        -0.006078758855980859,
        0.0033801485554092736,
        0.03233553990982932,
        0.0
      ],
      "slope": [
        -0.6707455920854317,
        0.2911506632021096,
        0.33012744310599956,
        0.03159352703515853,
        0.017873958742138322,
        0.0
      ],
      "concentration": 30.0
    },
    "11_far_coast": {
      "intercept": [
        0.9940585583822795,
        0.0009617266314994322,
        0.0014097385036823847,
        0.0010372663088657574,
        0.0025327101736782862,
        0.0
      ],
      "slope": [
        -0.11719230145146096,
        0.06489925358615778,
        0.04008997292359571,
        0.005293383279625745,
        0.00690969166206483,
        0.0
      ],
      "concentration": 30.0
    },
    "4_far_coast": {
      "intercept": [
        0.006608585214449182,
        0.00209748609108246,
        0.0015203641453771007,
        0.0008135276141825925,
        0.9889600369349096,
        0.0
      ],
      "slope": [
        0.00921359893891662,
        0.05260311378028774,
        0.038636037241387,
        0.006576490140458915,
        -0.10702924010105459,
        0.0
      ],
      "concentration": 30.0
    },
    "4_near_coast": {
      "intercept": [
        0.06626974514586867,
        -0.007093259023747564,
        -0.004475313908105766,
        0.004170748735543378,
        0.9411280790504175,
        0.0
      ],
      "slope": [
        0.053774051021822714,
        0.3114417718776343,
        0.3470541136105196,
        0.03370786951718102,
        -0.7459778060270835,
        0.0
      ],
      "concentration": 30.0
    },
    "11_mid_inland": {
      "intercept": [
        0.9688285731956051,
        0.013043468740226202,
        0.0,
        0.0027654599723803183,
        0.015362498091889757,
        0.0
      ],
      "slope": [
        -0.31976776900269754,
        0.2677740638300652,
        0.0,
        0.02330808581065747,
        0.028685619361657564,
        0.0
      ],
      "concentration": 30.0
    },
    "11_near_inland": {
      "intercept": [
        0.957057877965747,
        0.0020345004490028573,
        0.0,
        0.004283244546633471,
        0.036624377038944306,
        0.0
      ],
      "slope": [
        -0.642510318812375,
        0.5681086968644397,
        0.0,
        0.03803710582090966,
        0.03636451612599914,
        0.0
      ],
      "concentration": 30.0
    },