{
  "priors": {
    "10_far_coast": [
      50.0,
      0.01,
      0.01,
      0.01,
      0.01,
      0.01
    ],
    "10_mid_coast": [
      50.0,
      0.01,
      0.01,
      0.01,
      0.01,
      0.01
    ],
    "10_near_coast": [
      50.0,
      0.01,
      0.01,
      0.01,
      0.01,
      0.01
    ],
    "4_mid_coast": [
      2.0910569105691073,
      2.5397018970189777,
      2.3623306233062347,
      0.39796747967479806,
      42.60894308943086,
      0.01
    ],
    "11_mid_coast": [
      43.772564281965856,
      2.511544516354711,
      2.354644044079036,
      0.39719258352283104,
      0.9640545740773245,
      0.01
    ],
    "11_near_coast": [
      37.90306336550562,
      4.379825849769166,
      5.002150650440586,
      0.7328997062526288,
      1.9820604280318854,
      0.01
    ],
    "11_far_coast": [
      47.88833598726091,
      1.0426950636942691,
      0.6864052547770702,
      0.14042595541401143,
      0.2421377388535036,
      0.01
    ],
    "4_far_coast": [
      0.5156065959952872,
      0.9843934040047128,
      0.6825677267373381,
      0.12220259128386296,
      47.69522968197891,
      0.01
    ],
    "4_near_coast": [
      4.231250000000001,
      4.633593749999985,
      5.262968749999991,
      0.7620312500000035,
      35.11015625000002,
      0.01
    ],
    "11_mid_inland": [
      43.082753403933886,
      5.219116057921093,
      0.01,
      0.5026583099199937,
      1.1954722282255497,
      0.01
    ],
    "11_near_inland": [
      37.06923318448207,
      9.680801702484338,
      0.01,
      0.8420899618565307,
      2.4078751511770413,
      0.01
    ],
    "4_near_inland": [
      5.157854393633014,
      10.009883227868938,
      0.01,
      0.8724802661620978,
      33.959782112336065,
      0.01
    ],
    "4_mid_inland": [
      2.548712552612018,
      5.391928695221516,
      0.01,
      0.5173000742758203,
      41.54205867789033,
      0.01
    ],
    "11_far_inland": [
      47.71285635964878,
      1.85951206140351,
      0.01,
      0.15762061403508804,
      0.2700109649122824,
      0.01
    ],
    "10_mid_inland": [
      19.4,
      0.01,
      0.01,
      0.01,
      0.01,
      0.01
    ],
    "1_near_inland": [
      21.68648648648649,
      16.545810810810785,
      0.01,
      1.3204054054054215,
      10.447297297297304,
      0.01
    ],
    "10_far_inland": [
      5.0,
      0.01,
      0.01,
      0.01,
      0.01,
      0.01
    ],
    "4_far_inland": [
      0.6172112462006083,
      1.9998100303951414,
      0.01,
      0.17990121580547,
      47.203077507598735,
      0.01
    ],
    "2_near_coast": [
      6.852499999999999,
      1.409500000000001,
      2.6749999999999994,
      0.3219999999999995,
      3.3409999999999997,
      0.01
    ],
    "5_near_inland": [
      0.01,
      0.01,
      0.01,
      0.01,
      0.01,
      50.0
    ],
    "5_mid_inland": [
      0.01,
      0.01,
      0.01,
      0.01,
      0.01,
      50.0
    ],
    "5_far_inland": [
      0.01,
      0.01,
      0.01,
      0.01,
      0.01,
      13.8
    ],
    "5_near_coast": [
      0.01,
      0.01,
      0.01,
      0.01,
      0.01,
      5.0
    ],
    "10_near_inland": [
      26.6,
      0.01,
      0.01,
      0.01,
      0.01,
      0.01
    ],
    "5_mid_coast": [
      0.01,
      0.01,
      0.01,
      0.01,
      0.01,
      5.0
    ],
    "1_near_coast": [
      3.9285000000000014,
      0.8450000000000002,
      1.5494999999999999,
      0.1734999999999999,
      1.9034999999999995,
      0.01
    ],
    "5_far_coast": [
      0.01,
      0.01,
      0.01,
      0.01,
      0.01,
      5.0
    ]
  },
  "z_model": {
    "10_far_coast": {
      "intercept": [
        1.0,
        0.0,
        0.0,
        0.0,
        0.0,
        0.0
      ],
      "slope": [
        0.0,
        0.0,
        0.0,
        0.0,
        0.0,
        0.0
      ],
      "concentration": 30.0
    },
    "10_mid_coast": {
      "intercept": [
        1.0,
        0.0,
        0.0,
        0.0,
        0.0,
        0.0
      ],
      "slope": [
        0.0,
        0.0,
        0.0,
        0.0,
        0.0,
        0.0
      ],
      "concentration": 30.0
    },
    "10_near_coast": {
      "intercept": [
        1.0,
        0.0,
        0.0,
        0.0,
        0.0,
        0.0
      ],
      "slope": [
        0.0,
        0.0,
        0.0,
        0.0,
        0.0,
        0.0
      ],
      "concentration": 30.0
    },
    "4_mid_coast": {
      "intercept": [
        0.02699079231934231,
        0.001071905966459931,
        0.0027080091583125063,
        0.0026436178848155247,
        0.9665856746710719,
        0.0
      ],
      "slope": [
        0.04606377913927759,
        0.1544393719643455,
        0.1383390785945299,
        0.016510922481163405,
        -0.35535315217932006,
        0.0
      ],
      "concentration": 30.0
    },
    "11_mid_coast": {
      "intercept": [
        0.9815840173292015,
        0.0007532257294644018,
        0.0030726492176717524,
        0.0020654346116289806,
        0.01252467311203525,
        0.0
      ],
      "slope": [
        -0.32262132919972303,
        0.15040176262331964,
        0.13381230676873837,
        0.01786915963541682,
        0.020538100172248087,
        0.0
      ],
      "concentration": 30.0
    },
    "11_near_coast": {
      "intercept": [
        0.9838971794924979,
        -0.009925702248754317,
        -0.008570875897992741,
        0.0032709128961856387,
        0.031328485758065155,
        0.0
      ],
      "slope": [
        -0.6889802131180679,
        0.2975207917521601,
        0.33135925815978634,
        0.03473970802979038,
        0.02536045517633456,
        0.0
      ],
      "concentration": 30.0
    },
    "11_far_coast": {
      "intercept": [
        0.9945448974542913,
        0.0009379055183212637,
        0.0014810036178904175,
        0.0005687779251769588,
        0.0024674154843206788,
        0.0
      ],
      "slope": [
        -0.11340240433283418,
        0.06140929061873104,
        0.037762902900199964,
        0.0069060527483544906,
        0.0073241580655481016,
        0.0
      ],
      "concentration": 30.0
    },
    "4_far_coast": {
      "intercept": [
        0.006980708370613492,
        0.002971114134822834,
        0.0032186636866383903,
        0.0011462571138243197,
        0.9856832566941004,
        0.0
      ],
      "slope": [
        0.010016158948139838,
        0.05026009516212741,
        0.03136661797736763,
        0.003901910976986392,
        -0.09554478306462144,
        0.0
      ],
      "concentration": 30.0
    },
    "4_near_coast": {
      "intercept": [
        0.06615944244173952,
        -0.008867368187447308,
        -0.00764324692438928,
        0.0034170085083508467,
        0.9469341641617468,
        0.0
      ],
      "slope": [
        0.05587781183941308,
        0.30726343936506095,
        0.34164966013957376,
        0.03577892600844906,
        -0.7405698373524991,
        0.0
      ],
      "concentration": 30.0
    },
    "11_mid_inland": {
      "intercept": [
        0.9735868770769832,
        0.009129175106238424,
        0.0,
        0.002510400895565433,
        0.014773546921228696,
        0.0
      ],
      "slope": [
        -0.34087180322320404,
        0.29007939698338453,
        0.0,
        0.022970378421255537,
        0.027822027818525736,
        0.0
      ],
      "concentration": 30.0
    },
    "11_near_inland": {
      "intercept": [
        0.9680249871841651,
        -0.00858181950352871,
        0.0,
        0.0038264005464210965,
        0.03673043177295742,
        0.0
      ],
      "slope": [
        -0.6886414009957799,
        0.6143735192497258,
        0.0,
        0.039546989038391434,
        0.03472089270763681,
        0.0
      ],
      "concentration": 30.0
    },