{
  "priors": {
    "10_far_coast": [
      50.0,
      0.01,
      0.01,
      0.01,
      0.01,
      0.01
    ],
    "10_mid_coast": [
      50.0,
      0.01,
      0.01,
      0.01,
      0.01,
      0.01
    ],
    "10_near_coast": [
      50.0,
      0.01,
      0.01,
      0.01,
      0.01,
      0.01
    ],
    "11_far_coast": [
      47.74191685912237,
      1.1089299461123963,
      0.7290223248652841,
      0.15357967667436406,
      0.26655119322555626,
      0.01
    ],
    "4_far_coast": [
      0.5319999999999991,
      0.9204999999999987,
      0.652999999999999,
      0.11799999999999997,
      41.17650000000005,
      0.01
    ],
    "11_mid_coast": [
      43.91166020671798,
      2.33963178294573,
      2.3175872093023218,
      0.3957525839793294,
      1.0353682170542617,
      0.01
    ],
    "4_mid_coast": [
      2.250000000000002,
      2.2424568965517278,
      2.2494612068965565,
      0.39116379310344596,
      42.86691810344832,
      0.01
    ],
    "4_near_coast": [
      4.200595238095237,
      4.2023809523809526,
      5.009821428571427,
      0.7107142857142862,
      35.876488095238116,
      0.01
    ],
    "11_near_coast": [
      39.00957120980091,
      3.8751914241959993,
      4.575612557427243,
      0.6730474732006164,
      1.8665773353752013,
      0.01
    ],
    "4_mid_inland": [
      3.0102493406856863,
      4.920702469431728,
      0.01,
      0.5408774874130977,
      41.52817070246928,
      0.01
    ],
    "11_mid_inland": [
      43.38839173705763,
      4.732437066153556,
      0.01,
      0.518838337375605,
      1.3603328594128714,
      0.01
    ],
    "4_near_inland": [
      5.38042412355968,
      8.645041676881734,
      0.01,
      0.8437423388085374,
      35.13079186075015,
      0.01
    ],
    "11_near_inland": [
      38.39576836927392,
      8.339463744565268,
      0.01,
      0.8146273441959108,
      2.4501405419647884,
      0.01
    ],
    "1_near_inland": [
      23.04852266938364,
      14.826286296484945,
      0.01,
      1.312022414671421,
      10.813168619460004,
      0.01
    ],
    "11_far_inland": [
      47.84297520661126,
      1.719737481769569,
      0.01,
      0.16334467671365932,
      0.2739426349052013,
      0.01
    ],
    "5_near_inland": [
      0.01,
      0.01,
      0.01,
      0.01,
      0.01,
      50.0
    ],
    "5_mid_inland": [
      0.01,
      0.01,
      0.01,
      0.01,
      0.01,
      49.6
    ],
    "5_far_inland": [
      0.01,
      0.01,
      0.01,
      0.01,
      0.01,
      7.7
    ],
    "4_far_inland": [
      0.6729747675962799,
      1.9438911022576364,
      0.01,
      0.18924302788844552,
      47.19389110225774,
      0.01
    ],
    "10_mid_inland": [
      9.9,
      0.01,
      0.01,
      0.01,
      0.01,
      0.01
    ],
    "10_near_inland": [
      14.1,
      0.01,
      0.01,
      0.01,
      0.01,
      0.01
    ],
    "2_near_coast": [
      4.2625,
      0.7459999999999997,
      1.4505,
      0.1869999999999999,
      2.0539999999999994,
      0.01
    ],
    "1_near_coast": [
      2.5750000000000006,
      0.37959183673469377,
      0.7719387755102042,
      0.0811224489795919,
      1.1923469387755101,
      0.01
    ],
    "5_near_coast": [
      0.01,
      0.01,
      0.01,
      0.01,
      0.01,
      5.0
    ],
    "5_mid_coast": [
      0.01,
      0.01,
      0.01,
      0.01,
      0.01,
      5.0
    ],
    "10_far_inland": [
      5.0,
      0.01,
      0.01,
      0.01,
      0.01,
      0.01
    ],
    "5_far_coast": [
      0.01,
      0.01,
      0.01,
      0.01,
      0.01,
      5.0
    ]
  },
  "z_model": {
    "10_far_coast": {
      "intercept": [
        1.0,
        0.0,
        0.0,
        0.0,
        0.0,
        0.0
      ],
      "slope": [
        0.0,
        0.0,
        0.0,
        0.0,
        0.0,
        0.0
      ],
      "concentration": 30.0
    },
    "10_mid_coast": {
      "intercept": [
        1.0,
        0.0,
        0.0,
        0.0,
        0.0,
        0.0
      ],
      "slope": [
        0.0,
        0.0,
        0.0,
        0.0,
        0.0,
        0.0
      ],
      "concentration": 30.0
    },
    "10_near_coast": {
      "intercept": [
        1.0,
        0.0,
        0.0,
        0.0,
        0.0,
        0.0
      ],
      "slope": [
        0.0,
        0.0,
        0.0,
        0.0,
        0.0,
        0.0
      ],
      "concentration": 30.0
    },
    "11_far_coast": {
      "intercept": [
        1.0038873240062385,
        -0.004203705719563446,
        -0.00200920726575537,
        0.0005510398251761177,
        0.0017745491539033651,
        0.0
      ],
      "slope": [
        -0.17907495339730836,
        0.0972859869537075,
        0.0613413688731197,
        0.008373347151392548,
        0.012074250419096516,
        0.0
      ],
      "concentration": 30.0
    },
    "4_far_coast": {
      "intercept": [
        0.005279765180419538,
        -0.0032191392492588178,
        -0.003329424111497824,
        -0.00023968061747433374,
        1.0015084787978117,
        0.0
      ],
      "slope": [
        0.018502236332536053,
        0.08299001939375349,
        0.06599969111375009,
        0.01266676602668818,
        -0.18015871286672944,
        0.0
      ],
      "concentration": 30.0
    },
    "11_mid_coast": {
      "intercept": [
        0.9956597562876135,
        -0.00460396071979674,
        -0.004353498207988214,
        0.0013984476595151722,
        0.011899254980640168,
        0.0
      ],
      "slope": [
        -0.39067535008474463,
        0.17402774964281686,
        0.17255498835264527,
        0.02065841509251727,
        0.023434196996819843,
        0.0
      ],
      "concentration": 30.0
    },
    "4_mid_coast": {
      "intercept": [
        0.028125618830504108,
        -0.006713472363673922,
        -0.004451586506619906,
        0.001554363274564233,
        0.9814850767652221,
        0.0
      ],
      "slope": [
        0.04812234836197903,
        0.18573794944011918,
        0.17815295781462204,
        0.020480725766682032,
        -0.4324939813833918,
        0.0
      ],
      "concentration": 30.0
    },
    "4_near_coast": {
      "intercept": [
        0.061807686710305745,
        -0.014554557124491163,
        -0.010841551737356389,
        0.0030344160740065577,
        0.960554006077506,
        0.0
      ],
      "slope": [
        0.06973690264833227,
        0.3453807280729456,
        0.38514715338175204,
        0.03772228662493974,
        -0.8379870707278709,
        0.0
      ],
      "concentration": 30.0
    },
    "11_near_coast": {
      "intercept": [
        0.98478443046427,
        -0.010287612157895837,
        -0.008021097379734152,
        0.002555050079474451,
        0.030969228993845556,
        0.0
      ],
      "slope": [
        -0.7018111260026432,
        0.3054536017013341,
        0.34277517411141206,
        0.03346593902304326,
        0.020116411166991695,
        0.0
      ],
      "concentration": 30.0
    },
    "4_mid_inland": {
      "intercept": [
        0.02661983395163813,
        0.00012009470989388094,
        0.0,
        0.001293643120873579,
        0.9719664282176174,
        0.0
      ],
      "slope": [
        0.1065690064840573,
        0.3310419482065201,
        0.0,
        0.030657319251866714,
        -0.46826827394251874,
        0.0
      ],
      "concentration": 30.0
    },
    "11_mid_inland": {
      "intercept": [
        0.9843491789348396,
        0.0015790344645655874,
        0.0,
        0.0010148495209380635,
        0.01305693707953129,
        0.0
      ],
      "slope": [
        -0.3862316990806172,
        0.3100178309012134,
        0.0,
        0.03146127822221454,
        0.044752589957604234,
        0.0
      ],
      "concentration": 30.0
    },