{
  "priors": {
    "10_far_coast": [
      50.0,
      0.01,
      0.01,
      0.01,
      0.01,
      0.01
    ],
    "10_mid_coast": [
      50.0,
      0.01,
      0.01,
      0.01,
      0.01,
      0.01
    ],
    "10_near_coast": [
      50.0,
      0.01,
      0.01,
      0.01,
      0.01,
      0.01
    ],
    "4_mid_coast": [
      1.7635276845637644,
      2.2940436241610755,
      2.120595637583895,
      0.34605704697986894,
      43.4757760067113,
      0.01
    ],
    "11_mid_coast": [
      44.43974376541463,
      2.2745615237050965,
      2.1216429158673225,
      0.34725267196492754,
      0.8167991230474234,
      0.01
    ],
    "11_near_coast": [
      38.50498106372432,
      4.067223777375209,
      4.747818211756924,
      0.6982957352214842,
      1.9816812119216012,
      0.01
    ],
    "11_far_coast": [
      48.36524135876018,
      0.8174910607866523,
      0.525849225268177,
      0.10779201430274032,
      0.18362634088200266,
      0.01
    ],
    "4_far_coast": [
      0.39063867016622805,
      0.7694663167104118,
      0.5255905511811028,
      0.09405074365704254,
      48.22025371828526,
      0.01
    ],
    "4_near_coast": [
      4.2739726027397165,
      4.240215264187851,
      4.8999510763209235,
      0.7237035225048946,
      35.86215753424653,
      0.01
    ],
    "11_mid_inland": [
      43.830641144831084,
      4.748771498771856,
      0.01,
      0.4280579719768369,
      0.9925293844211375,
      0.01
    ],
    "11_near_inland": [
      37.70292490477042,
      9.202067839652411,
      0.01,
      0.7848811899143456,
      2.310126065663313,
      0.01
    ],
    "4_near_inland": [
      4.985962906504132,
      9.516806402439357,
      0.01,
      0.8134273373982644,
      34.68380335365879,
      0.01
    ],
    "4_mid_inland": [
      2.1176762426762084,
      4.933259308259172,
      0.01,
      0.4409374409374508,
      42.50812700812677,
      0.01
    ],
    "11_far_inland": [
      48.26519801980132,
      1.418366336633653,
      0.01,
      0.11762376237623778,
      0.1988118811881203,
      0.01
    ],
    "10_mid_inland": [
      25.3,
      0.01,
      0.01,
      0.01,
      0.01,
      0.01
    ],
    "1_near_inland": [
      22.497303299492412,
      15.586241539763057,
      0.01,
      1.2348244500846186,
      10.681630710659876,
      0.01
    ],
    "10_far_inland": [
      5.7,
      0.01,
      0.01,
      0.01,
      0.01,
      0.01
    ],
    "4_far_inland": [
      0.45098306936100496,
      1.5288093937738982,
      0.01,
      0.1340797378481695,
      47.88612779901689,
      0.01
    ],
    "2_near_coast": [
      9.496499999999996,
      1.684000000000001,
      3.2474999999999983,
      0.39549999999999946,
      4.576500000000001,
      0.01
    ],
    "5_near_inland": [
      0.01,
      0.01,
      0.01,
      0.01,
      0.01,
      50.0
    ],
    "5_mid_inland": [
      0.01,
      0.01,
      0.01,
      0.01,
      0.01,
      50.0
    ],
    "5_far_inland": [
      0.01,
      0.01,
      0.01,
      0.01,
      0.01,
      17.5
    ],
    "5_near_coast": [
      0.01,
      0.01,
      0.01,
      0.01,
      0.01,
      5.0
    ],
    "10_near_inland": [
      33.5,
      0.01,
      0.01,
      0.01,
      0.01,
      0.01
    ],
    "5_mid_coast": [
      0.01,
      0.01,
      0.01,
      0.01,
      0.01,
      5.3
    ],
    "1_near_coast": [
      5.1755,
      1.0565000000000007,
      1.935000000000001,
      0.21399999999999966,
      2.5189999999999992,
      0.01
    ],
    "5_far_coast": [
      0.01,
      0.01,
      0.01,
      0.01,
      0.01,
      5.0
    ]
  },
  "z_model": {
    "10_far_coast": {
      "intercept": [
        1.0,
        0.0,
        0.0,
        0.0,
        0.0,
        0.0
      ],
      "slope": [
        0.0,
        0.0,
        0.0,
        0.0,
        0.0,
        0.0
      ],
      "concentration": 30.0
    },
    "10_mid_coast": {
      "intercept": [
        1.0,
        0.0,
        0.0,
        0.0,
        0.0,
        0.0
      ],
      "slope": [
        0.0,
        0.0,
        0.0,
        0.0,
        0.0,
        0.0
      ],
      "concentration": 30.0
    },
    "10_near_coast": {
      "intercept": [
        1.0,
        0.0,
        0.0,
        0.0,
        0.0,
        0.0
      ],
      "slope": [
        0.0,
        0.0,
        0.0,
        0.0,
        0.0,
        0.0
      ],
      "concentration": 30.0
    },
    "4_mid_coast": {
      "intercept": [
        0.02771625428255587,
        0.0025571408564391343,
        0.0053616555427975915,
        0.004211738338875731,
        0.9601532109793229,
        0.0
      ],
      "slope": [
        0.03161266569828694,
        0.1402369679338301,
        0.12247087431321999,
        0.011140997521768257,
        -0.30546150546707623,
        0.0
      ],
      "concentration": 30.0
    },
    "11_mid_coast": {
      "intercept": [
        0.976311230069859,
        0.0019881278830626084,
        0.0047945099640247305,
        0.0037540811899837876,
        0.013152050893151909,
        0.0
      ],
      "slope": [
        -0.28546308442337204,
        0.13862134813340016,
        0.12085652841274844,
        0.01176110011207999,
        0.014224107764889237,
        0.0
      ],
      "concentration": 30.0
    },
    "11_near_coast": {
      "intercept": [
        0.9694017528110822,
        -0.005233645738262571,
        -0.0034281261397523105,
        0.005938602737021409,
        0.03332141632979466,
        0.0
      ],
      "slope": [
        -0.6380785932676584,
        0.27973008742408073,
        0.3173091146726563,
        0.025161780614871,
        0.015877610556420795,
        0.0
      ],
      "concentration": 30.0
    },
    "11_far_coast": {
      "intercept": [
        0.9915992771951607,
        0.002025419289220523,
        0.002081467933120725,
        0.0014246419627033798,
        0.0028691936197883278,
        0.0
      ],
      "slope": [
        -0.09304663510653138,
        0.051854623827926646,
        0.03274334674139651,
        0.003661604591428065,
        0.0047870599458011715,
        0.0
      ],
      "concentration": 30.0
    },
    "4_far_coast": {
      "intercept": [
        0.007615073121986452,
        0.003225372171821391,
        0.003385202904959672,
        0.0014599111192974711,
        0.9843144406819346,
        0.0
      ],
      "slope": [
        0.0051050885198132044,
        0.04308461921720102,
        0.025516857404329622,
        0.002551223936549042,
        -0.07625778907789142,
        0.0
      ],
      "concentration": 30.0
    },
    "4_near_coast": {
      "intercept": [
        0.06961986749278631,
        -0.004954510059477696,
        -0.002528438658145629,
        0.006751441559540903,
        0.9311116396653454,
        0.0
      ],
      "slope": [
        0.043881040785165235,
        0.29203081032488604,
        0.33052236343623376,
        0.024547530033769593,
        -0.6909817445802102,
        0.0
      ],
      "concentration": 30.0
    },
    "11_mid_inland": {
      "intercept": [
        0.9670529615543493,
        0.013038760067669505,
        0.0,
        0.004385759630084175,
        0.015522518747784576,
        0.0
      ],
      "slope": [
        -0.2990211025514591,
        0.2612940809785554,
        0.0,
        0.016288212657260298,
        0.02143880891599386,
        0.0
      ],
      "concentration": 30.0
    },
    "11_near_inland": {
      "intercept": [
        0.9504121323765515,
        0.0033934055090853454,
        0.0,
        0.006909853365883055,
        0.039284608750127376,
        0.0
      ],
      "slope": [
        -0.624642295412955,
        0.5694169155729649,
        0.0,
        0.030224297474626304,
        0.025001082360214602,
        0.0
      ],
      "concentration": 30.0
    },