{
  "priors": {
    "10_far_coast": [
      50.0,
      0.01,
      0.01,
      0.01,
      0.01,
      0.01
    ],
    "10_mid_coast": [
      50.0,
      0.01,
      0.01,
      0.01,
      0.01,
      0.01
    ],
    "10_near_coast": [
      43.0,
      0.01,
      0.01,
      0.01,
      0.01,
      0.01
    ],
    "11_far_coast": [
      29.61000000000002,
      1.2394999999999998,
      0.8049999999999994,
      0.13699999999999996,
      0.20849999999999974,
      0.01
    ],
    "4_far_coast": [
      0.13500000000000004,
      0.3555,
      0.2674999999999999,
      0.03700000000000001,
      9.40499999999999,
      0.01
    ],
    "11_mid_coast": [
      39.77608695652173,
      4.043840579710145,
      4.279710144927532,
      0.5297101449275325,
      1.370652173913042,
      0.01
    ],
    "4_mid_coast": [
      1.0959999999999994,
      1.642,
      1.7545000000000004,
      0.20049999999999968,
      14.407,
      0.01
    ],
    "4_near_coast": [
      1.3069999999999995,
      1.9125,
      2.4745,
      0.2489999999999997,
      10.456999999999995,
      0.01
    ],
    "11_near_coast": [
      35.014838129496404,
      5.382194244604321,
      6.907823741007188,
      0.7868705035971183,
      1.9082733812949628,
      0.01
    ],
    "4_mid_inland": [
      3.9379600420609817,
      8.486593059936904,
      0.01,
      0.7145110410094617,
      36.860935856992654,
      0.01
    ],
    "11_mid_inland": [
      39.06863482512226,
      8.368183527641971,
      0.01,
      0.7479315532154988,
      1.8152500940203105,
      0.01
    ],
    "4_near_inland": [
      5.709216725559484,
      11.145318021201426,
      0.01,
      0.9415488810365167,
      32.203916372202535,
      0.01
    ],
    "11_near_inland": [
      35.46968020917147,
      10.984211584875284,
      0.01,
      0.9306114239742721,
      2.6154967819790746,
      0.01
    ],
    "1_near_inland": [
      15.947499999999993,
      17.514999999999997,
      0.01,
      1.385499999999997,
      7.351999999999999,
      0.01
    ],
    "11_far_inland": [
      46.993495934959476,
      2.5333333333333328,
      0.01,
      0.19308943089430852,
      0.2800813008130076,
      0.01
    ],
    "5_near_inland": [
      0.01,
      0.01,
      0.01,
      0.01,
      0.01,
      15.6
    ],
    "5_mid_inland": [
      0.01,
      0.01,
      0.01,
      0.01,
      0.01,
      12.8
    ],
    "5_far_inland": [
      0.01,
      0.01,
      0.01,
      0.01,
      0.01,
      5.0
    ],
    "4_far_inland": [
      0.2809999999999999,
      1.1924999999999994,
      0.01,
      0.09700000000000006,
      21.629500000000007,
      0.01
    ],
    "10_mid_inland": [
      5.0,
      0.01,
      0.01,
      0.01,
      0.01,
      0.01
    ],
    "10_near_inland": [
      5.0,
      0.01,
      0.01,
      0.01,
      0.01,
      0.01
    ],
    "2_near_coast": [
      1.8819444444444446,
      0.6041666666666666,
      1.4986111111111111,
      0.14722222222222223,
      0.8680555555555556,
      0.01
    ],
    "1_near_coast": [
      1.7187499999999998,
      0.690625,
      1.71875,
      0.12812500000000002,
      0.7437499999999999,
      0.01
    ],
    "5_near_coast": [
      0.01,
      0.01,
      0.01,
      0.01,
      0.01,
      5.0
    ],
    "5_mid_coast": [
      0.01,
      0.01,
      0.01,
      0.01,
      0.01,
      5.0
    ],
    "10_far_inland": [
      5.0,
      0.01,
      0.01,
      0.01,
      0.01,
      0.01
    ]
  },
  "n_gt_files": 10,
  "n_keys": 26
}