{
  "priors": {
    "10_far_coast": [
      50.0,
      0.01,
      0.01,
      0.01,
      0.01,
      0.01
    ],
    "10_mid_coast": [
      50.0,
      0.01,
      0.01,
      0.01,
      0.01,
      0.01
    ],
    "10_near_coast": [
      50.0,
      0.01,
      0.01,
      0.01,
      0.01,
      0.01
    ],
    "4_mid_coast": [
      1.8504621478873304,
      2.4071302816901423,
      2.2251320422535232,
      0.36311619718310195,
      43.1541593309858,
      0.01
    ],
    "11_mid_coast": [
      44.17975473321798,
      2.3809165232357707,
      2.2208476764199254,
      0.36348967297763063,
      0.8549913941480345,
      0.01
    ],
    "11_near_coast": [
      38.16799417608746,
      4.203151764302794,
      4.896111682082871,
      0.7179256594724338,
      2.0148167180541123,
      0.01
    ],
    "11_far_coast": [
      48.25556438791706,
      0.8723370429252799,
      0.5611287758346588,
      0.11502384737678746,
      0.19594594594594625,
      0.01
    ],
    "4_far_coast": [
      0.41728971962616696,
      0.8219626168224305,
      0.5614485981308416,
      0.10046728971962582,
      48.098831775701065,
      0.01
    ],
    "4_near_coast": [
      4.323297764227634,
      4.374364837398358,
      5.045477642276409,
      0.7408536585365876,
      35.51600609756093,
      0.01
    ],
    "11_mid_inland": [
      43.47627448915192,
      5.02153991994982,
      0.01,
      0.4526455305104408,
      1.049540060388871,
      0.01
    ],
    "11_near_inland": [
      37.37666131772683,
      9.468151784029324,
      0.01,
      0.8046441381910228,
      2.350542760053166,
      0.01
    ],
    "4_near_inland": [
      5.0585455604384375,
      9.779464711177289,
      0.01,
      0.8336686609836367,
      34.3283210674011,
      0.01
    ],
    "4_mid_inland": [
      2.2209365708622038,
      5.173810703666854,
      0.01,
      0.4624380574826665,
      42.142814667987736,
      0.01
    ],
    "11_far_inland": [
      48.14154645736035,
      1.5194633008060983,
      0.01,
      0.1260076368264745,
      0.21298260500636565,
      0.01
    ],
    "10_mid_inland": [
      23.9,
      0.01,
      0.01,
      0.01,
      0.01,
      0.01
    ],
    "1_near_inland": [
      22.29212434094904,
      15.850175746924371,
      0.01,
      1.2480228471001922,
      10.609677065026334,
      0.01
    ],
    "10_far_inland": [
      5.0,
      0.01,
      0.01,
      0.01,
      0.01,
      0.01
    ],
    "4_far_inland": [
      0.47980825101685076,
      1.6265252760023288,
      0.01,
      0.142649622312608,
      47.751016850668165,
      0.01
    ],
    "2_near_coast": [
      8.9445,
      1.6555000000000006,
      3.1834999999999996,
      0.3864999999999995,
      4.33,
      0.01
    ],
    "5_near_inland": [
      0.01,
      0.01,
      0.01,
      0.01,
      0.01,
      50.0
    ],
    "5_mid_inland": [
      0.01,
      0.01,
      0.01,
      0.01,
      0.01,
      50.0
    ],
    "5_far_inland": [
      0.01,
      0.01,
      0.01,
      0.01,
      0.01,
      16.4
    ],
    "5_near_coast": [
      0.01,
      0.01,
      0.01,
      0.01,
      0.01,
      5.0
    ],
    "10_near_inland": [
      31.7,
      0.01,
      0.01,
      0.01,
      0.01,
      0.01
    ],
    "5_mid_coast": [
      0.01,
      0.01,
      0.01,
      0.01,
      0.01,
      5.1
    ],
    "1_near_coast": [
      4.822000000000001,
      1.0345000000000004,
      1.8895000000000008,
      0.2089999999999997,
      2.3449999999999993,
      0.01
    ],
    "5_far_coast": [
      0.01,
      0.01,
      0.01,
      0.01,
      0.01,
      5.0
    ]
  },
  "z_model": {
    "10_far_coast": {
      "intercept": [
        1.0,
        0.0,
        0.0,
        0.0,
        0.0,
        0.0
      ],
      "slope": [
        0.0,
        0.0,
        0.0,
        0.0,
        0.0,
        0.0
      ],
      "concentration": 30.0
    },
    "10_mid_coast": {
      "intercept": [
        1.0,
        0.0,
        0.0,
        0.0,
        0.0,
        0.0
      ],
      "slope": [
        0.0,
        0.0,
        0.0,
        0.0,
        0.0,
        0.0
      ],
      "concentration": 30.0
    },
    "10_near_coast": {
      "intercept": [
        1.0,
        0.0,
        0.0,
        0.0,
        0.0,
        0.0
      ],
      "slope": [
        0.0,
        0.0,
        0.0,
        0.0,
        0.0,
        0.0
      ],
      "concentration": 30.0
    },
    "4_mid_coast": {
      "intercept": [
        0.027758180958295645,
        0.0034145628384385993,
        0.006110033585406363,
        0.004200539959264902,
        0.9585166826586392,
        0.0
      ],
      "slope": [
        0.029781817258709275,
        0.1364264565984999,
        0.12019247334131056,
        0.0110244305968702,
        -0.29742517779553174,
        0.0
      ],
      "concentration": 30.0
    },
    "11_mid_coast": {
      "intercept": [
        0.9740490438825031,
        0.003071304896687277,
        0.005785588264600863,
        0.0038533114907075647,
        0.013240751465365772,
        0.0
      ],
      "slope": [
        -0.28047365320177475,
        0.13677084072058848,
        0.11870615900698646,
        0.011683672071352002,
        0.013312981403268503,
        0.0
      ],
      "concentration": 30.0
    },
    "11_near_coast": {
      "intercept": [
        0.9674221590578527,
        -0.00410548131846887,
        -0.0027397681888386427,
        0.005903418159822342,
        0.03351967228992924,
        0.0
      ],
      "slope": [
        -0.6358589596933768,
        0.2781640387595056,
        0.3170091080743031,
        0.02550822733560114,
        0.01517758552303508,
        0.0
      ],
      "concentration": 30.0
    },
    "11_far_coast": {
      "intercept": [
        0.9907404713102865,
        0.00256634020718928,
        0.002346407051535101,
        0.0014649665317064972,
        0.002881814899265328,
        0.0
      ],
      "slope": [
        -0.09043636347808269,
        0.050391911176983537,
        0.03196037114170992,
        0.0035602639807780184,
        0.004523817178666154,
        0.0
      ],
      "concentration": 30.0
    },
    "4_far_coast": {
      "intercept": [
        0.007644807064099636,
        0.003561446086168542,
        0.003651239361791618,
        0.0014243877139604312,
        0.9837181197739865,
        0.0
      ],
      "slope": [
        0.004336639772479307,
        0.04178625415191032,
        0.024202765788908013,
        0.0025505471193418916,
        -0.07287620683265975,
        0.0
      ],
      "concentration": 30.0
    },
    "4_near_coast": {
      "intercept": [
        0.07052730776414691,
        -0.003603426951513569,
        -0.0007706521102943537,
        0.006817567040708104,
        0.9270292042570253,
        0.0
      ],
      "slope": [
        0.043121228657347174,
        0.29080721867318865,
        0.32935128599089764,
        0.024772231814937443,
        -0.6880519651365969,
        0.0
      ],
      "concentration": 30.0
    },
    "11_mid_inland": {
      "intercept": [
        0.9648749797755257,
        0.014752843128546508,
        0.0,
        0.00447063958131021,
        0.01590153751411408,
        0.0
      ],
      "slope": [
        -0.2923628447955367,
        0.25619161563806697,
        0.0,
        0.016038290816580737,
        0.020132938342435153,
        0.0
      ],
      "concentration": 30.0
    },
    "11_near_inland": {
      "intercept": [
        0.9497103375326151,
        0.004022461694329793,
        0.0,
        0.006864089987335139,
        0.03940311078754171,
        0.0
      ],
      "slope": [
        -0.6240785538505098,
        0.5691087959420887,
        0.0,
        0.030502600197252216,
        0.02446715770551296,
        0.0
      ],
      "concentration": 30.0
    },