{
  "priors": {
    "10_far_coast": [
      50.0,
      0.01,
      0.01,
      0.01,
      0.01,
      0.01
    ],
    "10_mid_coast": [
      50.0,
      0.01,
      0.01,
      0.01,
      0.01,
      0.01
    ],
    "10_near_coast": [
      50.0,
      0.01,
      0.01,
      0.01,
      0.01,
      0.01
    ],
    "4_mid_coast": [
      1.9211292200232841,
      2.299476135040746,
      2.12863795110594,
      0.37107101280558813,
      43.27968568102442,
      0.01
    ],
    "11_mid_coast": [
      44.23743741887613,
      2.31758761357312,
      2.1774058965325147,
      0.3721490821435232,
      0.8954199888744787,
      0.01
    ],
    "11_near_coast": [
      38.37811650045326,
      4.163531278331782,
      4.840945149591982,
      0.7022325475974712,
      1.9151745240253844,
      0.01
    ],
    "11_far_coast": [
      48.09208333333311,
      0.9456250000000003,
      0.6186458333333333,
      0.12749999999999898,
      0.21614583333333295,
      0.01
    ],
    "4_far_coast": [
      0.4815498154981535,
      0.8982164821648218,
      0.6226937269372692,
      0.11346863468634656,
      47.88407134071351,
      0.01
    ],
    "4_near_coast": [
      4.142325895875591,
      4.428498985801214,
      5.113083164300192,
      0.7344489519945951,
      35.58164300202842,
      0.01
    ],
    "11_mid_inland": [
      43.57643753980587,
      4.808127103994346,
      0.01,
      0.4799722500227095,
      1.1354631061777223,
      0.01
    ],
    "11_near_inland": [
      37.578096256152655,
      9.233797792472876,
      0.01,
      0.8182208024657424,
      2.3698851489088173,
      0.01
    ],
    "4_near_inland": [
      5.118414642633432,
      9.5885934998958,
      0.01,
      0.8511378662397676,
      34.44185399123104,
      0.01
    ],
    "4_mid_inland": [
      2.4530009113396605,
      5.00781148287976,
      0.01,
      0.49557349303476805,
      42.04361411274545,
      0.01
    ],
    "11_far_inland": [
      47.89136862855498,
      1.7071247535905387,
      0.01,
      0.14826809349479042,
      0.2532385243593367,
      0.01
    ],
    "10_mid_inland": [
      18.5,
      0.01,
      0.01,
      0.01,
      0.01,
      0.01
    ],
    "1_near_inland": [
      22.043976777939037,
      16.08330914368646,
      0.01,
      1.2913642960812912,
      10.581349782293191,
      0.01
    ],
    "10_far_inland": [
      5.0,
      0.01,
      0.01,
      0.01,
      0.01,
      0.01
    ],
    "4_far_inland": [
      0.5826817826426898,
      1.8620015637216623,
      0.01,
      0.1714229867083649,
      47.38389366692723,
      0.01
    ],
    "2_near_coast": [
      6.452000000000001,
      1.2350000000000005,
      2.3960000000000004,
      0.28799999999999953,
      3.1289999999999996,
      0.01
    ],
    "5_near_inland": [
      0.01,
      0.01,
      0.01,
      0.01,
      0.01,
      50.0
    ],
    "5_mid_inland": [
      0.01,
      0.01,
      0.01,
      0.01,
      0.01,
      50.0
    ],
    "5_far_inland": [
      0.01,
      0.01,
      0.01,
      0.01,
      0.01,
      13.6
    ],
    "5_near_coast": [
      0.01,
      0.01,
      0.01,
      0.01,
      0.01,
      5.0
    ],
    "10_near_inland": [
      24.6,
      0.01,
      0.01,
      0.01,
      0.01,
      0.01
    ],
    "5_mid_coast": [
      0.01,
      0.01,
      0.01,
      0.01,
      0.01,
      5.0
    ],
    "1_near_coast": [
      3.8150000000000004,
      0.7895,
      1.4825,
      0.1639999999999999,
      1.8489999999999993,
      0.01
    ],
    "5_far_coast": [
      0.01,
      0.01,
      0.01,
      0.01,
      0.01,
      5.0
    ]
  },
  "z_model": {
    "10_far_coast": {
      "intercept": [
        1.0,
        0.0,
        0.0,
        0.0,
        0.0,
        0.0
      ],
      "slope": [
        0.0,
        0.0,
        0.0,
        0.0,
        0.0,
        0.0
      ],
      "concentration": 30.0
    },
    "10_mid_coast": {
      "intercept": [
        1.0,
        0.0,
        0.0,
        0.0,
        0.0,
        0.0
      ],
      "slope": [
        0.0,
        0.0,
        0.0,
        0.0,
        0.0,
        0.0
      ],
      "concentration": 30.0
    },
    "10_near_coast": {
      "intercept": [
        1.0,
        0.0,
        0.0,
        0.0,
        0.0,
        0.0
      ],
      "slope": [
        0.0,
        0.0,
        0.0,
        0.0,
        0.0,
        0.0
      ],
      "concentration": 30.0
    },
    "4_mid_coast": {
      "intercept": [
        0.027999948375487107,
        -0.00019512862086770721,
        0.0021896905446279202,
        0.0025415310295872195,
        0.967463958671164,
        0.0
      ],
      "slope": [
        0.03346099030249276,
        0.15203954636930445,
        0.13658399309496178,
        0.015293987739326784,
        -0.3373785175060789,
        0.0
      ],
      "concentration": 30.0
    },
    "11_mid_coast": {
      "intercept": [
        0.9833174509083099,
        0.000644416192407446,
        0.0018535419503944786,
        0.0021832977915248117,
        0.012001293157388543,
        0.0
      ],
      "slope": [
        -0.31590767648932727,
        0.14593044812848235,
        0.13623465112392696,
        0.016291556112984978,
        0.017451021123856585,
        0.0
      ],
      "concentration": 30.0
    },
    "11_near_coast": {
      "intercept": [
        0.9795008518978271,
        -0.007943161684223224,
        -0.006818966886375094,
        0.0032190735133464307,
        0.03204220315942335,
        0.0
      ],
      "slope": [
        -0.671992976867215,
        0.2918183112615784,
        0.33048665845568925,
        0.03167169509762023,
        0.018016312052336784,
        0.0
      ],
      "concentration": 30.0
    },
    "11_far_coast": {
      "intercept": [
        0.996037857016116,
        -2.04227439578146e-05,
        0.0007631223664190598,
        0.0009102360023351954,
        0.0023092073590904446,
        0.0
      ],
      "slope": [
        -0.11774399422118484,
        0.06517300950150652,
        0.040270205174358385,
        0.0053287906206162606,
        0.006971988924695211,
        0.0
      ],
      "concentration": 30.0
    },
    "4_far_coast": {
      "intercept": [
        0.006253024400801067,
        0.0014267112020393859,
        0.001028462693804754,
        0.0007086372968895887,
        0.9905831644064641,
        0.0
      ],
      "slope": [
        0.009393195389703507,
        0.05294192723982718,
        0.03888450037750383,
        0.006629471031447539,
        -0.10784909403848039,
        0.0
      ],
      "concentration": 30.0
    },
    "4_near_coast": {
      "intercept": [
        0.06491498160157833,
        -0.008867319691149303,
        -0.006019167294641248,
        0.0038334951813018877,
        0.9461380102029127,
        0.0
      ],
      "slope": [
        0.054469119616900374,
        0.3123519630773139,
        0.34784619574830294,
        0.03388089923525643,
        -0.7485481776777839,
        0.0
      ],
      "concentration": 30.0
    },
    "11_mid_inland": {
      "intercept": [
        0.9745901488732643,
        0.00893725854167729,
        0.0,
        0.0023111743342199946,
        0.014161418250707061,
        0.0
      ],
      "slope": [
        -0.32297378129470194,
        0.2700589527406458,
        0.0,
        0.02356087175349807,
        0.029353956800981348,
        0.0
      ],
      "concentration": 30.0
    },
    "11_near_inland": {
      "intercept": [
        0.9597940219010392,
        0.00018504662767296343,
        0.0,
        0.003992245918315703,
        0.03602868555338207,
        0.0
      ],
      "slope": [
        -0.644106612728516,
        0.5691876868418575,
        0.0,
        0.0382068773501291,
        0.03671204853523173,
        0.0
      ],
      "concentration": 30.0
    },